{"devices":[{"id":"myButton1","state":"off","locationX_Left":0.7155465825805138,"locationY_Left":-0.07780363151146245,"locationZ_Left":1.404765028422394,"locationX_Right":0.49849895841001235,"locationY_Right":0.17514233607399182,"locationZ_Right":1.8638324796977108,"activSets":{"activSetTrunOffGesture":{},"activSetTrunOnGesture":{}}}]}